{
  "id": "illadrya-compendium",
  "title": "Illadrya Compendium",
  "description": "A compendium for the world of Illadrya for DnD 5e",
  "authors": [{"name":"Taira"}],
  "version": "1.0.0",
  "compatibility": {
    "minimum": "11",
    "verified": "11"
  },
  "url": "https://github.com/TyrelBojangles/illadrya-copendium/",
  "download": "https://raw.githubusercontent.com/TyrelBojangles/illadrya-copendium/main/illadrya.zip",
  "manifest": "https://raw.githubusercontent.com/TyrelBojangles/illadrya-copendium/main/module.json",
  "packs": [
    {
      "name": "illadrya-subclasses",
      "label": "Illadrya Subclasses",
      "path": "packs/illadrya-subclasses",
      "type": "Item",
      "system": "dnd5e",
      "ownership": {
        "PLAYER": "OBSERVER",
        "ASSISTANT": "OWNER"
      }
    },
    {
      "name": "illadrya-classes",
      "label": "Illadrya Classes",
      "path": "packs/illadrya-classes",
      "type": "Item",
      "system": "dnd5e",
      "ownership": {
        "PLAYER": "OBSERVER",
        "ASSISTANT": "OWNER"
      }
    },
    {
      "name": "illadrya-spells",
      "label": "Illadrya Spells",
      "path": "packs/illadrya-spells",
      "type": "Item",
      "system": "dnd5e",
      "ownership": {
        "PLAYER": "OBSERVER",
        "ASSISTANT": "OWNER"
      }
    },
    {
      "name": "illadrya-class-features",
      "label": "Illadrya Class Features",
      "path": "packs/illadrya-class-features",
      "type": "Item",
      "system": "dnd5e",
      "ownership": {
        "PLAYER": "OBSERVER",
        "ASSISTANT": "OWNER"
      }
    },
    {
      "name": "illadrya-roll-tables",
      "label": "Illadrya Roll Tables",
      "path": "packs/illadrya-roll-tables",
      "type": "RollTable",
      "ownership": {
        "PLAYER": "OBSERVER",
        "ASSISTANT": "OWNER"
      },
      "system": "dnd5e"
    }
  ]
}
